"X2.126","X2.348","X2.593","X2.864","X3.163","X3.494","X3.859","X4.262","X4.707","X5.199","X5.742","X6.342","X7.005","X7.736","X8.545","X9.437","X10.423","X11.512","X12.715","X14.044","X15.511","X17.131","X18.921","X20.898","X23.082","X25.493","X28.157","X31.099","X34.348","X37.936","X41.9","X46.277","X51.112","X56.453","X62.351","X68.865","X76.06","X84.007","X92.784","X102.478","X113.184","X125.01","X138.071","X152.496","X168.429","X186.026","X205.462","X226.928","X250.637","X276.824","X305.746","X337.69","X372.971","X411.939","X454.978","X502.513","X555.015","X613.003","X677.049","X747.786"
"1",1.259424,1.865217,2.555636,3.275428,3.917037,4.478122,4.894347,5.211999,5.406521,5.303981,5.206638,4.877403,4.616422,4.445708,4.173983,3.807269,3.440437,3.128419,2.875718,2.637841,2.408352,2.192536,2.010623,1.840219,1.697519,1.566645,1.445387,1.347377,1.268383,1.218861,1.181897,1.147634,1.118105,1.113241,1.110199,1.079458,1.081321,1.079336,1.051906,1.01912,0.988657,0.94342,0.898378,0.852733,0.795824,0.741726,0.688832,0.641976,0.588696,0.545182,0.501877,0.466702,0.437617,0.408083,0.386486,0.368833,0.357563,0.348289,0.344509,0.344602
"3",0.39189,0.644506,1.074741,1.68863,2.417742,3.219172,3.98679,4.728575,5.37356,5.639833,5.905978,5.749868,5.630583,5.503886,5.201265,4.682779,4.138268,3.65513,3.247224,2.863647,2.521237,2.230515,2.012899,1.828488,1.697628,1.589568,1.500169,1.431359,1.382338,1.362724,1.341939,1.314405,1.279429,1.271861,1.260669,1.202225,1.192563,1.177179,1.130283,1.083436,1.045157,0.992511,0.945166,0.90018,0.844089,0.792804,0.744678,0.702627,0.651265,0.611236,0.567329,0.532418,0.502867,0.467552,0.441511,0.416273,0.399165,0.379755,0.367861,0.359666
"4",0.24795,0.312781,0.499569,0.86717,1.421973,2.140143,2.934776,3.768124,4.541111,5.035703,5.461616,5.521271,5.547594,5.553618,5.363813,4.962262,4.502609,4.081725,3.719283,3.375727,3.056647,2.763688,2.529928,2.319446,2.15068,1.998786,1.856119,1.736555,1.634046,1.564214,1.500935,1.433657,1.369383,1.340014,1.316805,1.258712,1.246356,1.234054,1.19569,1.155959,1.123216,1.075064,1.029363,0.984534,0.925513,0.86904,0.812045,0.760482,0.697911,0.646392,0.591444,0.545577,0.505639,0.461824,0.428268,0.398534,0.377659,0.358613,0.347576,0.341687
"5",0.339719,0.547893,0.933514,1.507895,2.212402,2.995452,3.751877,4.469134,5.068031,5.331416,5.541677,5.407528,5.283838,5.173723,4.901524,4.466954,4.011737,3.614988,3.284995,2.975676,2.69548,2.444386,2.250677,2.077554,1.938083,1.812343,1.701359,1.609023,1.532361,1.486458,1.448753,1.404201,1.359885,1.348238,1.335832,1.283055,1.276143,1.265771,1.22481,1.180853,1.143321,1.089233,1.03826,0.988688,0.92553,0.865925,0.807485,0.755994,0.694129,0.644461,0.592216,0.549708,0.513678,0.473114,0.443065,0.415335,0.396637,0.377176,0.366158,0.359774
"6",0.373701,0.623189,1.068264,1.718421,2.496133,3.348533,4.154642,4.917729,5.55752,5.767265,5.971352,5.72942,5.522774,5.307865,4.940764,4.397464,3.860689,3.413707,3.05849,2.742313,2.467685,2.232465,2.061978,1.904866,1.780645,1.66949,1.571527,1.490343,1.420103,1.376306,1.341117,1.304963,1.263713,1.254794,1.246209,1.192591,1.190562,1.183662,1.144946,1.105008,1.071624,1.021133,0.974236,0.92853,0.869913,0.814634,0.761538,0.714184,0.657936,0.61345,0.565223,0.526672,0.494518,0.457532,0.430478,0.405529,0.389057,0.371836,0.362179,0.356858
"8",0.436325,0.744796,1.245951,1.921563,2.671928,3.441591,4.12149,4.715122,5.166029,5.278492,5.351371,5.134655,4.952031,4.825175,4.569984,4.184693,3.791492,3.454561,3.173935,2.904975,2.65507,2.424343,2.239349,2.068636,1.930592,1.808145,1.693758,1.5969,1.516749,1.471155,1.432237,1.393736,1.360077,1.356489,1.349264,1.304512,1.303912,1.297666,1.257966,1.211885,1.169447,1.108429,1.049064,0.989489,0.915973,0.847127,0.78051,0.721794,0.655535,0.602173,0.548741,0.505779,0.47045,0.434001,0.407542,0.38547,0.371421,0.358906,0.353313,0.352171
"9",0.365217,0.598027,1.015449,1.624888,2.351577,3.156901,3.927869,4.669455,5.307722,5.564375,5.824691,5.681806,5.579233,5.474106,5.201635,4.720908,4.207123,3.745841,3.356353,2.985282,2.648486,2.353231,2.131877,1.937328,1.788929,1.66064,1.550833,1.459644,1.382206,1.335648,1.29829,1.257663,1.214481,1.201881,1.190687,1.140112,1.137729,1.132412,1.098566,1.063683,1.035999,0.992277,0.951154,0.910446,0.856851,0.805762,0.755548,0.709865,0.654124,0.609678,0.562008,0.522571,0.488538,0.450583,0.422486,0.396856,0.379244,0.362164,0.352363,0.347111
"10",0.287708,0.431528,0.747656,1.277578,1.983894,2.827631,3.687701,4.543428,5.290017,5.628909,5.934279,5.770961,5.62117,5.443563,5.084351,4.531543,3.977916,3.505529,3.127481,2.795007,2.515954,2.282827,2.122447,1.983995,1.881236,1.788867,1.702822,1.629103,1.56032,1.515798,1.472647,1.423238,1.367601,1.348166,1.327714,1.262242,1.255109,1.245322,1.203422,1.161949,1.129046,1.078674,1.031349,0.98471,0.923011,0.864268,0.806389,0.753528,0.689861,0.638598,0.583146,0.537661,0.498674,0.455605,0.423762,0.395432,0.375974,0.3583,0.348513,0.343961
"11",0.323094,0.538769,0.954402,1.586825,2.360141,3.214361,4.017616,4.766594,5.381432,5.594049,5.793105,5.587133,5.423995,5.273547,4.969424,4.487142,3.989448,3.553882,3.187894,2.842739,2.528568,2.254157,2.049707,1.869305,1.737938,1.629532,1.542155,1.478847,1.431606,1.416551,1.409942,1.393868,1.367309,1.368307,1.361287,1.304486,1.302878,1.291949,1.242739,1.190274,1.144745,1.081187,1.022424,0.96645,0.898167,0.835541,0.77656,0.725201,0.665894,0.619584,0.571279,0.533381,0.501804,0.465819,0.440232,0.415827,0.400001,0.382032,0.371703,0.365243
"14",0.430992,0.720633,1.188741,1.823483,2.540027,3.299282,4.007981,4.6634,5.202225,5.40122,5.564878,5.386665,5.224708,5.076427,4.770402,4.302789,3.812778,3.38824,3.044116,2.733987,2.466725,2.244955,2.089389,1.957109,1.858061,1.770418,1.692306,1.628139,1.573425,1.543842,1.511053,1.465773,1.415314,1.391258,1.367808,1.302319,1.28514,1.265084,1.215172,1.164644,1.122325,1.065381,1.013189,0.963483,0.901803,0.844995,0.790235,0.742079,0.684172,0.638305,0.589304,0.549397,0.5151,0.475767,0.446348,0.418771,0.399935,0.379563,0.367338,0.359306
"15",0.492523,0.85444,1.412195,2.133509,2.904858,3.666496,4.320008,4.87341,5.273151,5.327026,5.351194,5.089848,4.881109,4.73616,4.468468,4.073305,3.671134,3.32468,3.035612,2.763753,2.514041,2.28603,2.108394,1.949622,1.829155,1.728896,1.64109,1.57131,1.52035,1.497024,1.479982,1.45316,1.418596,1.409742,1.39644,1.33727,1.325297,1.309433,1.259249,1.204127,1.155296,1.090511,1.030203,0.972628,0.90367,0.840128,0.779435,0.727038,0.667025,0.619606,0.571268,0.532394,0.49975,0.463759,0.437359,0.413171,0.397305,0.379771,0.369896,0.36383
"17",0.392545,0.649549,1.08057,1.675676,2.362369,3.082609,3.747179,4.342344,4.803763,4.984862,5.086619,4.93666,4.787785,4.691983,4.452559,4.090677,3.705866,3.367568,3.084394,2.820667,2.578107,2.362606,2.191789,2.046307,1.931487,1.837439,1.753662,1.686586,1.635946,1.614623,1.599267,1.575169,1.549739,1.5463,1.536223,1.488013,1.482991,1.472244,1.428002,1.377795,1.330551,1.264306,1.200808,1.138348,1.06018,0.987236,0.914581,0.851217,0.776704,0.716253,0.653397,0.601698,0.557953,0.509687,0.472632,0.439212,0.416748,0.392747,0.379004,0.370445
"18",0.499796,0.832573,1.332395,1.973534,2.669178,3.376515,4.016357,4.593144,5.041592,5.182838,5.274894,5.088231,4.914251,4.781891,4.499396,4.083357,3.652537,3.277052,2.967637,2.688825,2.438762,2.22307,2.059129,1.922069,1.824253,1.741636,1.669779,1.612007,1.569152,1.547706,1.530291,1.502951,1.468891,1.459256,1.44743,1.395238,1.385789,1.371591,1.323611,1.272006,1.227661,1.167316,1.110883,1.056096,0.98727,0.92332,0.860661,0.805763,0.739941,0.687228,0.631299,0.585557,0.546564,0.502253,0.469197,0.438184,0.417062,0.39379,0.38049,0.372117
"19",0.409988,0.681662,1.134415,1.766371,2.499641,3.29683,4.048411,4.770365,5.391562,5.621893,5.845198,5.645229,5.471592,5.276202,4.899743,4.325506,3.732202,3.217198,2.79716,2.43272,2.139777,1.920624,1.782537,1.687682,1.645928,1.619572,1.599517,1.580445,1.559902,1.555943,1.543575,1.511472,1.458295,1.437989,1.41204,1.332689,1.312135,1.289196,1.234736,1.183247,1.14366,1.089282,1.041991,0.997992,0.940641,0.887393,0.836176,0.790705,0.732537,0.686753,0.634499,0.591831,0.555073,0.509587,0.475589,0.442128,0.418937,0.392957,0.376897,0.365891
"20",0.678443,1.121808,1.726563,2.443217,3.16524,3.847473,4.411524,4.867952,5.176175,5.183796,5.154337,4.898151,4.695738,4.585355,4.372657,4.061259,3.739413,3.45692,3.215633,2.968271,2.70759,2.442132,2.203252,1.979518,1.788039,1.621284,1.480255,1.3718,1.298336,1.263565,1.24629,1.233597,1.225789,1.240931,1.253664,1.232235,1.243287,1.246767,1.218547,1.181497,1.14601,1.092564,1.040017,0.987469,0.92187,0.86108,0.801437,0.75004,0.690048,0.642356,0.593491,0.554431,0.521922,0.485179,0.458338,0.433462,0.417861,0.398811,0.388678,0.382562
"21",0.614842,1.004283,1.548372,2.211733,2.902887,3.592867,4.197543,4.734784,5.145685,5.241684,5.29711,5.067766,4.854645,4.685657,4.376457,3.941507,3.50409,3.138917,2.852995,2.603965,2.393411,2.215587,2.088581,1.979259,1.894869,1.812193,1.731637,1.658835,1.592214,1.545712,1.499664,1.444702,1.390491,1.365705,1.339688,1.282533,1.271083,1.259061,1.220806,1.181153,1.149365,1.103144,1.06003,1.017674,0.960604,0.906741,0.852094,0.803464,0.742001,0.69214,0.637234,0.591568,0.551896,0.505823,0.470455,0.437166,0.413908,0.388966,0.374049,0.364353
"22",0.499094,0.862978,1.417298,2.125849,2.887911,3.652421,4.31373,4.891381,5.325282,5.405228,5.464164,5.214253,5.0087,4.84563,4.544205,4.102846,3.65267,3.263605,2.938398,2.641493,2.376133,2.144183,1.971231,1.828243,1.728164,1.648771,1.581751,1.527965,1.483445,1.46511,1.449936,1.425509,1.396038,1.389956,1.379381,1.324013,1.312916,1.297563,1.251087,1.202404,1.160737,1.103211,1.050222,0.999587,0.936006,0.877475,0.820349,0.770318,0.709974,0.662562,0.611888,0.570646,0.535384,0.49398,0.4634,0.434324,0.414717,0.392218,0.378832,0.36988
"23",0.390791,0.636838,1.049848,1.624828,2.292076,3.006644,3.685351,4.324416,4.85597,5.09122,5.274247,5.1667,5.064973,4.986793,4.747779,4.348745,3.922329,3.545046,3.22711,2.930748,2.6598,2.42301,2.239952,2.078155,1.947939,1.832602,1.729486,1.641499,1.570587,1.52656,1.491049,1.451538,1.410467,1.400718,1.394145,1.347689,1.345458,1.341373,1.30604,1.265034,1.228794,1.174089,1.120842,1.067111,0.997545,0.932047,0.866829,0.808432,0.738213,0.681657,0.622787,0.57391,0.532335,0.486767,0.45241,0.421675,0.401026,0.380059,0.368448,0.362108
"24",0.323964,0.514354,0.87236,1.405459,2.056337,2.77333,3.468083,4.121107,4.661018,4.932778,5.125365,5.054366,4.979345,4.941856,4.74838,4.414019,4.043121,3.708313,3.422678,3.144194,2.87622,2.623341,2.410811,2.21914,2.059505,1.919838,1.795248,1.695355,1.617,1.573417,1.540336,1.504124,1.469337,1.458206,1.445606,1.399325,1.393569,1.380713,1.333807,1.280821,1.233231,1.169243,1.108305,1.049696,0.978503,0.913409,0.849865,0.795346,0.731322,0.68089,0.628554,0.586547,0.551576,0.511075,0.480641,0.451867,0.433101,0.410122,0.397159,0.388275
"25",0.451537,0.764213,1.254893,1.895396,2.598823,3.302149,3.918868,4.441717,4.812245,4.901173,4.92284,4.726662,4.560755,4.48162,4.288301,3.998495,3.693263,3.427281,3.203341,2.980122,2.755114,2.535419,2.34912,2.17976,2.039868,1.920128,1.813364,1.726102,1.657985,1.621768,1.591294,1.554749,1.517563,1.50118,1.48334,1.427046,1.405994,1.382696,1.332647,1.276957,1.226729,1.162282,1.102048,1.044696,0.975631,0.913171,0.852045,0.800356,0.739118,0.691192,0.640913,0.599966,0.565785,0.524995,0.4938,0.463793,0.444196,0.419123,0.404341,0.393282
"26",0.485825,0.839769,1.390528,2.113406,2.897154,3.695837,4.398182,5.021151,5.503764,5.597569,5.681619,5.403188,5.170906,4.974608,4.639499,4.15642,3.679108,3.275025,2.949485,2.658787,2.398499,2.174076,2.009049,1.859822,1.745999,1.63959,1.543737,1.467788,1.402872,1.364924,1.333074,1.297645,1.260549,1.253527,1.246703,1.20011,1.20155,1.199656,1.167187,1.132524,1.104207,1.05828,1.015177,0.972692,0.91554,0.860844,0.807277,0.759289,0.699904,0.652554,0.601131,0.559393,0.523366,0.48177,0.45141,0.423065,0.40412,0.383528,0.371913,0.365323
"27",0.479562,0.827203,1.369556,2.085277,2.866601,3.666151,4.367318,4.991982,5.483771,5.578252,5.680586,5.404201,5.187679,5.005962,4.690122,4.217406,3.747482,3.345427,3.016424,2.713738,2.446446,2.213331,2.041165,1.886763,1.770081,1.667446,1.573818,1.498138,1.432607,1.394723,1.360833,1.321619,1.277915,1.26452,1.250425,1.193855,1.187317,1.17727,1.137977,1.098324,1.066403,1.019237,0.976135,0.93443,0.880051,0.829529,0.780335,0.73628,0.681959,0.63939,0.592009,0.553703,0.52108,0.481666,0.452644,0.425026,0.40632,0.385135,0.372418,0.36411
"30",0.433723,0.733955,1.219647,1.874964,2.6098,3.374033,4.064026,4.689486,5.181446,5.326888,5.451535,5.251602,5.086728,4.956739,4.684302,4.256125,3.809632,3.416187,3.085252,2.774826,2.494666,2.246199,2.059537,1.898322,1.778313,1.680483,1.600774,1.539225,1.492555,1.474889,1.462238,1.441148,1.410138,1.407578,1.399345,1.346031,1.343309,1.33237,1.285109,1.233817,1.189652,1.128255,1.071071,1.01595,0.947717,0.884748,0.824198,0.771412,0.709054,0.660423,0.608982,0.567745,0.533267,0.492946,0.463431,0.435337,0.41679,0.395005,0.382238,0.373672
"31",0.522928,0.882036,1.41948,2.104397,2.837823,3.575225,4.224364,4.801268,5.243348,5.346529,5.421008,5.184854,4.98044,4.816275,4.510659,4.064504,3.612606,3.225476,2.905197,2.612908,2.358059,2.142356,1.979704,1.839423,1.738731,1.656705,1.583829,1.527399,1.483105,1.467165,1.457458,1.435215,1.40829,1.409623,1.406546,1.356394,1.355874,1.351357,1.308365,1.260864,1.220633,1.162216,1.106861,1.052194,0.982645,0.917671,0.854015,0.797802,0.730878,0.677318,0.620209,0.573723,0.534362,0.489807,0.45637,0.425556,0.404611,0.382534,0.369544,0.361393
"32",0.578937,0.975558,1.549745,2.262771,3.007076,3.73422,4.354487,4.882192,5.262533,5.318763,5.339285,5.087753,4.876139,4.733927,4.468588,4.081208,3.682365,3.338022,3.051215,2.774464,2.516993,2.282301,2.090994,1.920634,1.786454,1.668582,1.565164,1.486364,1.425201,1.393782,1.370168,1.342446,1.31244,1.306951,1.299574,1.255635,1.251078,1.242104,1.20458,1.163112,1.127248,1.076222,1.02837,0.982379,0.923613,0.869236,0.815909,0.769281,0.712137,0.667309,0.619018,0.579519,0.5456,0.505239,0.475298,0.446132,0.426434,0.402735,0.388667,0.37884
"34",0.424537,0.701185,1.144882,1.74366,2.421025,3.138229,3.81491,4.450209,4.974823,5.199553,5.385429,5.262779,5.145746,5.044664,4.774373,4.335523,3.862249,3.439069,3.08356,2.755379,2.46501,2.215196,2.03192,1.887792,1.787807,1.708774,1.641643,1.589807,1.551129,1.535575,1.522971,1.501182,1.468489,1.459726,1.448572,1.394362,1.38349,1.365726,1.317751,1.266857,1.222823,1.162044,1.105276,1.050869,0.982696,0.919729,0.857945,0.803791,0.738657,0.686742,0.631785,0.586842,0.54853,0.503972,0.470486,0.439264,0.418319,0.39476,0.380985,0.372025
"35",0.473519,0.789795,1.273744,1.902766,2.590858,3.295635,3.935131,4.51585,4.97943,5.143256,5.264559,5.106351,4.963289,4.862227,4.608122,4.206307,3.781638,3.405214,3.088702,2.79971,2.539113,2.312978,2.139464,1.990107,1.87717,1.779871,1.692042,1.61961,1.561167,1.527332,1.499463,1.462405,1.421157,1.40872,1.39462,1.340465,1.332388,1.319355,1.276637,1.231722,1.193712,1.140138,1.089953,1.041139,0.978169,0.919007,0.860103,0.808534,0.744841,0.693218,0.637387,0.591491,0.551827,0.505817,0.470428,0.437371,0.414678,0.390031,0.375142,0.36519
"36",0.513079,0.889567,1.459197,2.182801,2.947658,3.704704,4.351535,4.902901,5.303175,5.349547,5.381408,5.115679,4.902897,4.755597,4.489504,4.095156,3.698163,3.356752,3.074256,2.8027,2.547397,2.312139,2.121982,1.948218,1.807285,1.680984,1.572682,1.488621,1.422301,1.385623,1.359961,1.333506,1.306675,1.306673,1.304285,1.260379,1.260169,1.254591,1.216762,1.174774,1.138222,1.084488,1.033996,0.98482,0.922663,0.864774,0.808369,0.759183,0.700235,0.654043,0.604348,0.5646,0.531238,0.491788,0.46266,0.435302,0.417558,0.396379,0.38428,0.376534
"38",0.434089,0.722533,1.181219,1.793966,2.480475,3.197905,3.862663,4.474312,4.972664,5.169703,5.325097,5.186739,5.065828,4.975671,4.730248,4.328139,3.899403,3.517162,3.197386,2.900979,2.627753,2.383074,2.192256,2.027534,1.896934,1.781755,1.683287,1.60663,1.544993,1.512168,1.483706,1.452425,1.418382,1.409328,1.397857,1.34567,1.335131,1.319243,1.271944,1.220178,1.174591,1.113137,1.055052,0.999056,0.93141,0.869178,0.809137,0.757355,0.696946,0.649445,0.600146,0.560742,0.528003,0.48988,0.46164,0.435345,0.418544,0.398155,0.386741,0.379382
"39",0.479676,0.780532,1.234851,1.824927,2.480152,3.157709,3.78783,4.364556,4.824366,5.013424,5.127025,4.986458,4.843409,4.743276,4.494113,4.120829,3.727191,3.386108,3.106017,2.852615,2.623262,2.41544,2.250759,2.10712,1.987891,1.881187,1.784595,1.704456,1.636081,1.594755,1.561065,1.522111,1.481881,1.466007,1.447974,1.397012,1.3832,1.364159,1.318875,1.269511,1.225576,1.166229,1.110107,1.055876,0.988209,0.925406,0.862837,0.80846,0.743264,0.690883,0.635468,0.589673,0.550534,0.505937,0.471639,0.440149,0.418823,0.395037,0.381028,0.371735
"40",0.399886,0.648435,1.051008,1.595739,2.22094,2.877518,3.500343,4.072698,4.534445,4.768308,4.920296,4.860626,4.787369,4.760622,4.576797,4.262817,3.904772,3.569465,3.273967,2.991905,2.728973,2.492796,2.298753,2.13404,2.005424,1.898925,1.806204,1.735821,1.683854,1.657023,1.638908,1.614717,1.588671,1.57847,1.564748,1.517922,1.503393,1.480969,1.428193,1.369756,1.315489,1.244138,1.175309,1.108812,1.029382,0.956695,0.884659,0.822619,0.751034,0.693242,0.634679,0.586403,0.545298,0.500441,0.466202,0.43536,0.414555,0.391838,0.378598,0.369742
"42",0.439087,0.728789,1.183264,1.783202,2.45234,3.146487,3.7858,4.36274,4.817234,4.996458,5.116693,4.974089,4.833245,4.736084,4.491945,4.112035,3.705386,3.346493,3.046295,2.771916,2.524318,2.305924,2.141402,2.007662,1.906306,1.819829,1.746517,1.694398,1.653417,1.635809,1.622763,1.600777,1.571655,1.567181,1.555103,1.497114,1.483455,1.465161,1.413067,1.351961,1.298134,1.227272,1.159866,1.094391,1.015294,0.94225,0.870834,0.808719,0.737015,0.679359,0.620253,0.571828,0.531141,0.48687,0.45339,0.423515,0.40361,0.382907,0.371419,0.364812
"44",0.373304,0.599903,0.982652,1.51638,2.143934,2.815943,3.459265,4.053096,4.533941,4.776333,4.933274,4.870279,4.792445,4.755784,4.564687,4.243696,3.885434,3.56033,3.283613,3.021851,2.774494,2.546176,2.359749,2.199632,2.069467,1.957777,1.854223,1.769065,1.703852,1.6644,1.630999,1.591908,1.553036,1.537633,1.521413,1.472325,1.460895,1.445197,1.40272,1.351614,1.304412,1.240492,1.178814,1.117748,1.041254,0.969704,0.897667,0.834721,0.760897,0.700377,0.638445,0.586892,0.542947,0.49547,0.459091,0.426875,0.40507,0.38307,0.370843,0.363922
"45",0.359945,0.594472,1.018043,1.6355,2.371912,3.174988,3.930318,4.628713,5.192163,5.392553,5.553785,5.356276,5.178591,5.026386,4.726322,4.267747,3.799767,3.396241,3.065535,2.763431,2.498371,2.271336,2.099799,1.95077,1.847072,1.75954,1.681732,1.619722,1.572451,1.553364,1.53304,1.503521,1.468965,1.465462,1.452714,1.39261,1.383555,1.365978,1.312964,1.256527,1.206889,1.139043,1.075485,1.014695,0.940887,0.872654,0.807596,0.75113,0.686058,0.634447,0.581461,0.53952,0.504613,0.465775,0.437493,0.412203,0.395766,0.37811,0.368412,0.363055
"46",0.46495,0.761245,1.20667,1.775437,2.399051,3.024958,3.591211,4.085826,4.46123,4.621587,4.6948,4.584237,4.463026,4.401048,4.195909,3.889804,3.558205,3.259673,3.004958,2.769839,2.5528,2.357226,2.201931,2.076824,1.978035,1.899588,1.833735,1.786319,1.757187,1.752303,1.752164,1.745577,1.736585,1.738703,1.734612,1.694604,1.683626,1.662529,1.607429,1.540936,1.47499,1.387192,1.30025,1.216104,1.118255,1.028838,0.94059,0.864784,0.780294,0.712022,0.644856,0.590068,0.544731,0.497348,0.4614,0.430462,0.410402,0.389509,0.378339,0.371933
"47",0.405753,0.661626,1.072727,1.622609,2.24551,2.89269,3.4936,4.032255,4.449101,4.634882,4.736783,4.636867,4.52259,4.462812,4.257619,3.941239,3.597486,3.288553,3.024726,2.780081,2.555404,2.355771,2.198569,2.07144,1.977964,1.906811,1.846321,1.803793,1.776888,1.775702,1.780005,1.773163,1.761091,1.766566,1.765319,1.723154,1.713842,1.693709,1.635053,1.563119,1.495276,1.407609,1.321886,1.237505,1.137519,1.045483,0.954384,0.875276,0.787058,0.715356,0.644478,0.585998,0.537119,0.487111,0.448982,0.416238,0.394222,0.37355,0.362325,0.356389
"48",0.297901,0.454195,0.758558,1.22487,1.81601,2.479936,3.142959,3.759863,4.247681,4.489559,4.594387,4.471197,4.287491,4.132059,3.826514,3.445237,3.073118,2.775327,2.563295,2.409739,2.303652,2.23325,2.195688,2.171029,2.153157,2.12766,2.086542,2.044135,2.006045,1.986844,1.973019,1.952466,1.932269,1.934181,1.935148,1.903134,1.911864,1.913987,1.878738,1.829273,1.777597,1.695913,1.611026,1.523705,1.409257,1.300075,1.186405,1.08451,0.965629,0.86607,0.765824,0.68064,0.607541,0.533375,0.47582,0.427487,0.394054,0.366093,0.351259,0.345405
"50",0.460617,0.753058,1.180617,1.703388,2.24479,2.736897,3.11996,3.374748,3.482185,3.430408,3.318946,3.166011,3.074321,3.14706,3.184666,3.229387,3.271779,3.306407,3.310795,3.246563,3.106781,2.90655,2.679356,2.447639,2.229094,2.044292,1.897305,1.803987,1.768663,1.786148,1.837605,1.90207,1.974812,2.054497,2.122622,2.147946,2.180988,2.185909,2.139795,2.064608,1.977648,1.856012,1.730232,1.604839,1.460122,1.328959,1.198329,1.088386,0.969793,0.875717,0.786469,0.714629,0.657193,0.597962,0.55369,0.514847,0.491876,0.462585,0.448109,0.437923
"51",0.240000368,0.289304,0.45262,0.767542,1.255836,1.897825,2.626541,3.378087,4.029151,4.401936,4.582229,4.417894,4.105121,3.736235,3.175576,2.558545,2.026042,1.661653,1.47748,1.442874,1.520491,1.673118,1.871865,2.074249,2.262111,2.410659,2.511687,2.577257,2.61916,2.659903,2.677527,2.658386,2.621148,2.608751,2.586648,2.498302,2.472555,2.439735,2.352056,2.250989,2.156672,2.029318,1.907594,1.787172,1.637559,1.499487,1.364129,1.245832,1.108265,0.995557,0.881293,0.786514,0.706103,0.620347,0.554355,0.496165,0.456298,0.416994,0.394625,0.381358
"52",0.262653,0.435914,0.734534,1.207506,1.819109,2.508487,3.182794,3.779568,4.198281,4.303738,4.202396,3.818038,3.334088,2.87802,2.321687,1.8107,1.446017,1.276825,1.294171,1.451595,1.694658,1.970884,2.245299,2.476654,2.653458,2.758097,2.783941,2.757594,2.702723,2.647501,2.579514,2.494117,2.410618,2.366147,2.331225,2.25971,2.251642,2.248207,2.206476,2.150987,2.099512,2.017816,1.936062,1.848558,1.723941,1.601781,1.473647,1.35822,1.21439,1.092615,0.965447,0.856526,0.761107,0.658558,0.577572,0.506825,0.457081,0.410745,0.384312,0.370143
"53",0.240000446,0.299909,0.466436,0.810013,1.353262,2.090389,2.937614,3.856279,4.708068,5.195172,5.531198,5.343984,4.993872,4.494499,3.73065,2.822444,1.990563,1.350946,0.927862,0.709426,0.673876,0.781135,0.987979,1.243537,1.525085,1.793041,2.021493,2.207987,2.354046,2.489877,2.582663,2.617148,2.602477,2.621437,2.618985,2.504553,2.489691,2.461328,2.358869,2.249074,2.159688,2.034955,1.919229,1.811186,1.675174,1.54706,1.424303,1.314461,1.180446,1.075281,0.961317,0.868538,0.789248,0.695408,0.625164,0.558202,0.512381,0.460917,0.429244,0.407818
"54",0.367452,0.616864,1.044966,1.666222,2.41073,3.228275,4.008027,4.723716,5.278025,5.411258,5.422581,5.01948,4.562578,4.093508,3.482774,2.825614,2.278171,1.913811,1.72503,1.666139,1.701511,1.78909,1.9078,2.015435,2.113171,2.163458,2.17118,2.147339,2.100342,2.068262,2.024648,1.957639,1.882095,1.847736,1.813245,1.72769,1.720499,1.710011,1.655972,1.59923,1.555622,1.488603,1.42801,1.365979,1.276941,1.192598,1.108797,1.033016,0.937708,0.860152,0.775203,0.705011,0.644098,0.574028,0.521369,0.472653,0.438793,0.404056,0.383811,0.371882
"56",0.297382,0.484027,0.849343,1.429131,2.171506,3.018012,3.847414,4.620243,5.228954,5.410147,5.459954,5.070114,4.62151,4.152964,3.535666,2.864621,2.298061,1.915368,1.714002,1.646649,1.679681,1.774148,1.914417,2.042727,2.158579,2.23034,2.250553,2.229119,2.179049,2.13749,2.075756,1.987587,1.892973,1.84686,1.805155,1.714794,1.701952,1.691258,1.644974,1.59879,1.565909,1.508614,1.455917,1.399858,1.319543,1.240207,1.157118,1.080288,0.980323,0.897611,0.805895,0.728933,0.660794,0.582796,0.523274,0.46874,0.430324,0.393431,0.371702,0.359419
"57",0.398192,0.647122,1.05293,1.603871,2.238239,2.904479,3.521366,4.053716,4.427529,4.521012,4.462719,4.151959,3.773723,3.429577,2.96691,2.49108,2.095762,1.838007,1.715255,1.690709,1.731489,1.813306,1.921743,2.029915,2.131426,2.208761,2.255373,2.284806,2.30325,2.327015,2.33746,2.321578,2.289547,2.276245,2.253679,2.178592,2.151381,2.116597,2.039346,1.952952,1.876138,1.775932,1.681979,1.595426,1.487024,1.387281,1.285786,1.200876,1.097371,1.015505,0.927925,0.855199,0.79319,0.717916,0.658895,0.60062,0.561215,0.509822,0.478459,0.453343
"58",0.437385,0.729651,1.193738,1.813863,2.510319,3.238449,3.913391,4.524937,4.999615,5.14309,5.201027,4.93445,4.638939,4.356844,3.921354,3.391963,2.903396,2.524515,2.263192,2.079923,1.962534,1.894865,1.878154,1.875765,1.884528,1.882424,1.86941,1.85007,1.83015,1.827972,1.821606,1.796853,1.764056,1.759266,1.749615,1.688768,1.68453,1.674233,1.618839,1.558468,1.507474,1.434175,1.361884,1.29473,1.20962,1.130374,1.05233,0.985084,0.902088,0.837014,0.767139,0.710714,0.662651,0.603972,0.559986,0.517062,0.488846,0.452616,0.431,0.415111
"59",0.408461,0.68286,1.149338,1.815044,2.599544,3.468088,4.29385,5.067792,5.692484,5.835329,5.897867,5.432548,4.920517,4.357307,3.630921,2.82852,2.155033,1.696948,1.455453,1.384181,1.44175,1.582383,1.774076,1.943789,2.095414,2.180492,2.204609,2.184928,2.120829,2.066215,1.985964,1.879834,1.768972,1.708831,1.65668,1.555999,1.542191,1.530502,1.485538,1.445989,1.417679,1.366223,1.318125,1.269746,1.197298,1.125854,1.05261,0.983592,0.893779,0.820328,0.737132,0.667845,0.606839,0.537204,0.484402,0.436183,0.401957,0.370654,0.351885,0.341357
"60",0.349668,0.554172,0.908109,1.411014,2.015785,2.667937,3.293663,3.849226,4.258101,4.418381,4.430481,4.228941,3.974414,3.776598,3.471074,3.143613,2.863233,2.676689,2.58131,2.536585,2.517458,2.505936,2.502488,2.487893,2.457981,2.408754,2.333547,2.25094,2.174298,2.11391,2.055576,1.992056,1.932599,1.898095,1.870281,1.815214,1.797049,1.777947,1.728853,1.671252,1.618035,1.544386,1.470072,1.396077,1.302084,1.213658,1.120787,1.03921,0.94117,0.859548,0.775139,0.703301,0.641372,0.574366,0.521271,0.473759,0.440878,0.407464,0.387986,0.375665
"61",0.306286,0.485431,0.863563,1.487958,2.306049,3.280512,4.266526,5.251264,6.111656,6.359065,6.5464,6.005917,5.400113,4.642244,3.666266,2.588552,1.676097,1.01939,0.610211,0.417038,0.407291,0.537887,0.765677,1.044034,1.352543,1.634465,1.871868,2.058585,2.182844,2.288761,2.331724,2.309817,2.230109,2.20023,2.157044,1.99569,1.953647,1.910163,1.814151,1.726816,1.670466,1.594085,1.528471,1.471189,1.395446,1.318981,1.245112,1.177837,1.082559,1.009094,0.916666,0.841804,0.77422,0.68432,0.618397,0.549221,0.500276,0.445405,0.408668,0.381626
"62",0.863217,1.422464,2.141061,2.951434,3.725149,4.423118,4.955831,5.34577,5.537641,5.352269,5.087233,4.537136,3.995668,3.531335,2.987467,2.450578,2.027793,1.762388,1.635328,1.603063,1.629541,1.685596,1.763887,1.826035,1.876474,1.899045,1.892422,1.867911,1.831333,1.806003,1.775374,1.733397,1.685963,1.670638,1.657788,1.59966,1.596486,1.594829,1.555895,1.508545,1.465512,1.399391,1.337399,1.273513,1.186992,1.103378,1.018449,0.942001,0.850361,0.774885,0.695836,0.629933,0.573344,0.512875,0.467292,0.427813,0.401073,0.37657,0.363755,0.358502
"63",0.391378,0.660269,1.132989,1.815204,2.618934,3.496782,4.313447,5.060359,5.647066,5.750163,5.786185,5.335719,4.869248,4.384738,3.762073,3.068221,2.48444,2.081182,1.847321,1.735837,1.71052,1.734675,1.805654,1.865009,1.927608,1.959998,1.961205,1.939306,1.899195,1.875564,1.838101,1.783564,1.713382,1.688904,1.664023,1.577404,1.571574,1.559959,1.506494,1.456313,1.417651,1.35568,1.296982,1.241536,1.165953,1.093502,1.022588,0.958326,0.875622,0.809665,0.735641,0.674912,0.622194,0.559357,0.512671,0.467572,0.436052,0.402804,0.382585,0.369508
"64",1.061426,1.805703,2.747673,3.790892,4.726456,5.489851,5.94611,6.149757,6.089664,5.577892,5.068426,4.344551,3.775382,3.412885,3.087526,2.815073,2.639957,2.555427,2.509838,2.425965,2.285405,2.090014,1.874415,1.638163,1.420206,1.232326,1.087074,0.997761,0.961581,0.980809,1.03223,1.09598,1.161398,1.245189,1.313857,1.323894,1.364646,1.384367,1.355406,1.311747,1.265488,1.194053,1.124231,1.056469,0.976616,0.904883,0.839114,0.784574,0.723065,0.678242,0.631867,0.597648,0.571307,0.536805,0.513219,0.488335,0.474054,0.449543,0.435704,0.425038
"65",0.605046,1.035184,1.671535,2.498357,3.39019,4.330956,5.16274,5.915825,6.529509,6.537414,6.571544,5.965893,5.378836,4.710739,3.875901,2.927479,2.104521,1.497509,1.105065,0.894447,0.84296,0.907203,1.051891,1.220518,1.404563,1.554925,1.661732,1.729933,1.756372,1.777701,1.76527,1.717326,1.638269,1.601797,1.567077,1.453627,1.425633,1.40059,1.342756,1.291634,1.259393,1.210006,1.170886,1.136473,1.084213,1.033957,0.985688,0.940565,0.874997,0.8249,0.759978,0.707836,0.661627,0.597701,0.551504,0.50284,0.468577,0.427438,0.400804,0.381399
"67",1.010407,1.677481,2.51717,3.450801,4.303839,5.051287,5.569998,5.916507,6.049937,5.721292,5.37159,4.691382,4.070865,3.537314,2.95194,2.387238,1.955156,1.690895,1.565846,1.532703,1.552053,1.590677,1.639262,1.666402,1.684577,1.669988,1.630767,1.578921,1.523833,1.495276,1.469504,1.436421,1.407423,1.41643,1.423917,1.390344,1.413041,1.427362,1.404616,1.377712,1.355747,1.307315,1.25889,1.208495,1.136005,1.064769,0.992684,0.927082,0.845083,0.779013,0.706362,0.646955,0.596162,0.537459,0.493817,0.453789,0.426883,0.398726,0.382988,0.374438
"68",1.001946,1.658064,2.484556,3.404652,4.251921,5.003925,5.535991,5.908498,6.092227,5.81628,5.548121,4.940061,4.404995,3.944313,3.411435,2.852502,2.39004,2.063802,1.86316,1.736649,1.663669,1.622224,1.60882,1.587781,1.575684,1.546859,1.503049,1.458523,1.414341,1.391311,1.363491,1.333552,1.303255,1.305944,1.309629,1.269705,1.284752,1.295309,1.270575,1.242736,1.220328,1.175431,1.131345,1.086222,1.021726,0.958984,0.895998,0.838218,0.766674,0.709612,0.646832,0.595722,0.551976,0.50182,0.46527,0.431417,0.408886,0.385729,0.373053,0.366567
"69",0.633527,1.102789,1.792576,2.675933,3.601113,4.534953,5.310385,5.974793,6.453823,6.339667,6.240214,5.592714,4.99219,4.378257,3.646725,2.855873,2.202292,1.744146,1.464982,1.319323,1.283481,1.318799,1.408093,1.494172,1.586469,1.646449,1.67341,1.677251,1.650575,1.635584,1.604543,1.556123,1.490296,1.463011,1.442803,1.359527,1.35416,1.346012,1.302339,1.264837,1.240279,1.195032,1.155052,1.115914,1.056736,0.998924,0.941335,0.887674,0.815746,0.758638,0.691712,0.636987,0.589214,0.530367,0.487588,0.445928,0.416687,0.386827,0.368737,0.357678
"70",0.485742,0.865931,1.483839,2.327805,3.270072,4.268261,5.14267,5.915052,6.517647,6.490003,6.477715,5.842845,5.25896,4.638834,3.893884,3.067919,2.382142,1.903689,1.614531,1.458048,1.409925,1.425011,1.498576,1.562748,1.627509,1.658348,1.660842,1.640614,1.597775,1.568409,1.531219,1.477151,1.411931,1.390725,1.374535,1.29949,1.304854,1.308301,1.274781,1.245975,1.22899,1.188261,1.151787,1.114126,1.054646,0.994945,0.935338,0.878692,0.803885,0.744505,0.675123,0.618473,0.568398,0.509762,0.466702,0.426225,0.398155,0.371579,0.356019,0.347747
"71",0.466766,0.82258,1.407617,2.22456,3.144053,4.1358,5.015324,5.813029,6.456302,6.479631,6.538915,5.967801,5.454254,4.885746,4.172776,3.347703,2.633615,2.111309,1.765861,1.549531,1.452471,1.431387,1.47203,1.522395,1.588003,1.625885,1.632323,1.620511,1.588428,1.565763,1.523676,1.465424,1.393999,1.368396,1.343267,1.262517,1.259369,1.254889,1.217408,1.186128,1.167813,1.129269,1.095936,1.062654,1.009894,0.958036,0.906292,0.856538,0.78884,0.735573,0.671824,0.619804,0.574242,0.51775,0.476011,0.435905,0.407596,0.379017,0.361413,0.350509
"72",0.398673,0.693695,1.227024,2.026994,2.979331,4.061007,5.075069,6.046832,6.920168,7.06847,7.332453,6.769214,6.277957,5.617398,4.756258,3.704802,2.770582,2.045147,1.538921,1.213448,1.052905,1.013757,1.067198,1.148945,1.25462,1.33548,1.390804,1.420731,1.418003,1.417811,1.399877,1.357503,1.296108,1.275938,1.259217,1.181711,1.183558,1.182533,1.148763,1.123729,1.111904,1.079315,1.053662,1.027937,0.983729,0.938811,0.894439,0.8507,0.788377,0.74101,0.680343,0.631754,0.588866,0.531584,0.491158,0.449689,0.420791,0.389513,0.36955,0.356175
"73",0.411674,0.716965,1.250269,2.015597,2.90481,3.866198,4.738975,5.523999,6.129735,6.183768,6.214826,5.708862,5.226321,4.724478,4.094984,3.378258,2.762858,2.319542,2.037575,1.867617,1.783805,1.750315,1.76083,1.764631,1.777162,1.758312,1.713498,1.658812,1.58942,1.536888,1.483022,1.42311,1.357045,1.33895,1.32789,1.269652,1.280049,1.290012,1.266812,1.245305,1.232466,1.195671,1.161579,1.125131,1.066454,1.007309,0.947042,0.889699,0.814037,0.753427,0.684054,0.626687,0.576166,0.517364,0.474258,0.433372,0.405145,0.377861,0.361901,0.353154
"74",0.670653,1.180549,1.920362,2.855218,3.810352,4.766499,5.533664,6.167542,6.633228,6.482702,6.408075,5.764756,5.216432,4.657973,3.994546,3.236486,2.581277,2.091876,1.756521,1.528091,1.392336,1.317578,1.303468,1.302481,1.32736,1.34521,1.351225,1.350469,1.340638,1.344718,1.337554,1.317825,1.283853,1.285862,1.286346,1.228574,1.239473,1.244309,1.212495,1.184187,1.166526,1.126594,1.091744,1.056934,1.003466,0.950537,0.898977,0.849708,0.783777,0.732483,0.671007,0.621461,0.577555,0.522824,0.482817,0.443051,0.415481,0.38626,0.367753,0.355367
"75",0.821429,1.421802,2.237873,3.193604,4.099182,4.915551,5.501084,5.91674,6.146852,5.902305,5.724449,5.206856,4.818471,4.527714,4.163559,3.699577,3.26776,2.904797,2.596996,2.301144,2.026357,1.774289,1.571569,1.390641,1.258386,1.155502,1.082685,1.042248,1.025755,1.041298,1.067632,1.092024,1.110317,1.151165,1.184271,1.16659,1.192506,1.206593,1.181925,1.151875,1.125909,1.078885,1.034181,0.990174,0.931462,0.875563,0.822193,0.774634,0.715765,0.670557,0.619767,0.579658,0.545846,0.503723,0.473513,0.443249,0.423126,0.398823,0.383714,0.372878
"76",0.466699,0.865345,1.560464,2.569257,3.730982,4.997354,6.089284,7.040746,7.7737,7.554039,7.413121,6.356904,5.384259,4.312629,3.145283,2.018319,1.180811,0.669431,0.433457,0.41283,0.541324,0.752273,0.998238,1.21854,1.417548,1.553566,1.623583,1.648205,1.619693,1.605456,1.564594,1.506993,1.429454,1.411132,1.409447,1.332626,1.35484,1.3718,1.351528,1.336427,1.335403,1.301299,1.271468,1.237472,1.174595,1.108581,1.043114,0.97732,0.88843,0.818978,0.734821,0.666808,0.606744,0.534379,0.483816,0.434935,0.401121,0.370367,0.352579,0.343717
"77",0.641447,1.146553,1.890212,2.825532,3.779484,4.715096,5.458618,6.066011,6.48683,6.330413,6.229724,5.622655,5.1176,4.631678,4.035533,3.344942,2.73266,2.258882,1.907305,1.639463,1.45284,1.324208,1.259023,1.218805,1.214056,1.217289,1.2266,1.243042,1.258241,1.292389,1.319762,1.331521,1.325327,1.349697,1.363648,1.309946,1.32252,1.324346,1.283974,1.244382,1.21567,1.165661,1.122861,1.08295,1.026462,0.97348,0.923927,0.879816,0.819668,0.775289,0.719617,0.676453,0.639202,0.586782,0.549391,0.50813,0.48085,0.443843,0.420136,0.402126
"79",0.691741,1.187057,1.890838,2.775883,3.680463,4.59846,5.365545,6.044973,6.593593,6.557227,6.614649,6.089821,5.651933,5.161518,4.497336,3.65344,2.870628,2.232397,1.749634,1.397684,1.176981,1.07186,1.068113,1.111492,1.19312,1.268793,1.326163,1.360867,1.369886,1.374998,1.350597,1.299731,1.232417,1.200601,1.172248,1.099791,1.095346,1.094877,1.07188,1.058312,1.058093,1.041357,1.028867,1.015598,0.982314,0.945269,0.905244,0.864576,0.802508,0.751781,0.68765,0.633715,0.584683,0.523682,0.477933,0.433861,0.401757,0.371014,0.351756,0.339543
"80",0.511713,0.937421,1.632413,2.58808,3.645593,4.746175,5.66883,6.443012,6.994038,6.790754,6.598617,5.735317,4.931093,4.103603,3.186846,2.287778,1.604486,1.18866,1.004376,0.992879,1.101662,1.267668,1.46014,1.620716,1.756354,1.820117,1.831026,1.79951,1.729348,1.675677,1.605542,1.524891,1.433167,1.399339,1.376465,1.296767,1.304176,1.312924,1.287447,1.269459,1.264578,1.234837,1.209509,1.181894,1.129322,1.074325,1.018015,0.962619,0.884096,0.82224,0.745974,0.682922,0.62696,0.557598,0.506835,0.456763,0.421647,0.386701,0.365035,0.3517
"81",0.377867,0.647482,1.143418,1.885787,2.773918,3.769119,4.704068,5.581087,6.311391,6.439378,6.588919,6.092091,5.630918,5.096294,4.404574,3.574456,2.849238,2.302948,1.937182,1.697977,1.564163,1.501474,1.502006,1.513905,1.546528,1.557823,1.550548,1.53049,1.500844,1.49376,1.474266,1.44526,1.402574,1.399623,1.397512,1.335463,1.345517,1.348608,1.312622,1.278573,1.253676,1.203944,1.157912,1.111264,1.044576,0.979287,0.916138,0.856805,0.781803,0.722526,0.655247,0.601675,0.555635,0.501025,0.461733,0.425135,0.40047,0.376318,0.362718,0.355943
"82",0.653334,1.153953,1.8889,2.828637,3.80534,4.789719,5.601457,6.294512,6.821346,6.692875,6.637898,5.965063,5.378725,4.757559,4.008558,3.158198,2.431787,1.893137,1.526515,1.290223,1.171507,1.136546,1.170084,1.221004,1.29251,1.345637,1.382939,1.407102,1.401268,1.406452,1.401108,1.374386,1.325197,1.318402,1.312373,1.245389,1.25162,1.252802,1.21753,1.186918,1.166772,1.123507,1.084715,1.045021,0.986492,0.927467,0.869456,0.814329,0.743945,0.687534,0.623439,0.571509,0.526031,0.474044,0.436418,0.401879,0.378166,0.357309,0.345859,0.341139
"83",0.585117,1.05332,1.764608,2.684446,3.649925,4.604656,5.379055,5.997725,6.387222,6.187965,5.961366,5.248907,4.587837,3.958394,3.246208,2.530368,1.975546,1.632029,1.463885,1.41562,1.450753,1.521154,1.608757,1.664591,1.705178,1.701269,1.669731,1.619978,1.562332,1.533619,1.504575,1.474901,1.442249,1.452727,1.473227,1.435403,1.465259,1.488242,1.464597,1.437114,1.417223,1.3656,1.310579,1.252953,1.171292,1.091042,1.0118,0.938541,0.848576,0.776776,0.699031,0.636845,0.584178,0.524274,0.481871,0.443806,0.4192,0.394423,0.382269,0.378291
"85",0.515047,0.931141,1.601378,2.517366,3.526732,4.609443,5.557457,6.406889,7.084882,7.007478,7.012053,6.252445,5.560576,4.774049,3.853382,2.854426,2.023754,1.437184,1.076479,0.893457,0.855938,0.915749,1.04015,1.171321,1.307517,1.405815,1.471698,1.509163,1.50911,1.516011,1.50401,1.475143,1.422239,1.419554,1.418729,1.343443,1.356756,1.368313,1.333842,1.304242,1.286933,1.240825,1.199659,1.156823,1.090603,1.023417,0.957467,0.894191,0.812267,0.747319,0.672565,0.611838,0.559071,0.497684,0.453695,0.41324,0.385392,0.360778,0.347108,0.341184
"86",0.586643,1.061812,1.779882,2.698186,3.657166,4.606944,5.377354,6.015057,6.465616,6.340393,6.280952,5.717615,5.265157,4.839547,4.309339,3.669613,3.098717,2.647904,2.307964,2.028726,1.806467,1.633157,1.521893,1.426822,1.366396,1.3115,1.263903,1.228204,1.196027,1.187025,1.178396,1.163686,1.140845,1.149854,1.158581,1.119824,1.136934,1.147937,1.12522,1.102544,1.087005,1.050747,1.017008,0.982129,0.929786,0.877861,0.826575,0.778595,0.716633,0.667856,0.611768,0.566438,0.526854,0.480223,0.446624,0.415223,0.393836,0.372399,0.360195,0.353855
"87",0.517237,0.927334,1.575478,2.446004,3.388984,4.357605,5.186708,5.912914,6.467287,6.433214,6.436157,5.872527,5.373089,4.836081,4.159911,3.367979,2.660877,2.114831,1.736235,1.477042,1.323407,1.253261,1.254914,1.277468,1.325939,1.363727,1.384049,1.39736,1.390884,1.397687,1.398356,1.377091,1.343835,1.349576,1.356221,1.30678,1.323853,1.334373,1.305943,1.279729,1.263273,1.222237,1.185721,1.148273,1.088619,1.02991,0.971921,0.917176,0.843617,0.786665,0.718388,0.663002,0.615241,0.554873,0.511049,0.467565,0.438074,0.405684,0.386006,0.373602
"88",0.601796,1.091086,1.832133,2.783632,3.771337,4.753347,5.536472,6.157389,6.555925,6.332006,6.118146,5.381841,4.716954,4.078989,3.359544,2.622353,2.042444,1.663179,1.455159,1.364011,1.352229,1.381806,1.440423,1.484018,1.525935,1.538046,1.532159,1.517859,1.492629,1.49474,1.491994,1.476544,1.452506,1.470157,1.485942,1.434294,1.455389,1.469061,1.434712,1.394882,1.359339,1.301885,1.248794,1.194916,1.120344,1.049217,0.98174,0.920298,0.842638,0.783685,0.716519,0.663799,0.61931,0.563102,0.524228,0.485323,0.460522,0.429402,0.411948,0.401547
"89",0.706695,1.207839,1.911566,2.787022,3.679086,4.558927,5.279048,5.8877,6.330857,6.223996,6.155069,5.565058,5.038513,4.505907,3.848128,3.098234,2.450547,1.964885,1.633633,1.40907,1.284993,1.232882,1.244688,1.276669,1.334807,1.386857,1.429678,1.460434,1.480385,1.515184,1.532876,1.524888,1.493368,1.500957,1.502896,1.42876,1.433462,1.428171,1.375554,1.327132,1.291951,1.232382,1.177798,1.124473,1.053411,0.985427,0.92018,0.860553,0.786147,0.728306,0.663132,0.610717,0.565971,0.513029,0.474705,0.438262,0.414349,0.389092,0.374735,0.366988
"90",0.710022,1.226028,1.9519,2.833232,3.713375,4.553984,5.214491,5.732097,6.052538,5.882345,5.710314,5.142303,4.633302,4.173511,3.617421,3.002906,2.474152,2.089991,1.837296,1.675734,1.582497,1.535704,1.536596,1.538094,1.555048,1.556936,1.544036,1.525664,1.494661,1.482681,1.463057,1.435416,1.404863,1.409327,1.413469,1.368983,1.384926,1.397287,1.373829,1.347973,1.329539,1.284418,1.239814,1.192368,1.121132,1.049791,0.977698,0.909846,0.824214,0.754379,0.678258,0.615042,0.560262,0.499495,0.454325,0.414667,0.387538,0.364072,0.351924,0.347861
"91",1.231285,1.964006,2.834246,3.753315,4.547637,5.186353,5.580113,5.791626,5.810026,5.453605,5.12324,4.575954,4.148358,3.867862,3.543419,3.183435,2.867493,2.61865,2.424159,2.238518,2.053013,1.864856,1.701791,1.549422,1.425887,1.320754,1.237446,1.182699,1.152301,1.154469,1.169205,1.183451,1.195684,1.229621,1.256668,1.239446,1.259015,1.26771,1.239302,1.202058,1.167328,1.112226,1.058281,1.004616,0.936844,0.874109,0.814011,0.761289,0.699093,0.650499,0.600201,0.560434,0.527264,0.488965,0.461407,0.435422,0.419146,0.399341,0.388694,0.382429
"92",0.530268,0.92068,1.517666,2.295101,3.134712,3.987445,4.722544,5.343819,5.779749,5.735018,5.634932,5.104022,4.574271,4.056717,3.423549,2.744205,2.174237,1.774228,1.534806,1.415767,1.392558,1.432564,1.515861,1.59862,1.693029,1.758208,1.792916,1.807253,1.800557,1.805898,1.796075,1.76366,1.714243,1.709262,1.703867,1.635132,1.641661,1.640942,1.597356,1.554704,1.5187,1.456546,1.398004,1.338514,1.256352,1.175986,1.094356,1.019164,0.92431,0.847809,0.763722,0.694932,0.635393,0.566449,0.515614,0.468821,0.437827,0.405956,0.38853,0.38002
"93",0.851215,1.459347,2.275697,3.237159,4.168364,5.035843,5.679868,6.151723,6.408542,6.113686,5.848496,5.161768,4.574321,4.056072,3.476276,2.872483,2.390982,2.072513,1.890879,1.779226,1.722906,1.690879,1.679391,1.648078,1.625727,1.578239,1.511381,1.44055,1.372283,1.33143,1.294571,1.257238,1.22119,1.224232,1.23273,1.197222,1.220134,1.237616,1.218683,1.196618,1.179208,1.136476,1.093216,1.047388,0.981622,0.9161,0.85128,0.791042,0.718522,0.659935,0.597133,0.546444,0.503087,0.456479,0.42316,0.39436,0.375588,0.359467,0.352152,0.351133
"95",1.08942,1.716596,2.492796,3.368804,4.192277,4.977062,5.582249,6.081469,6.432159,6.25546,6.126343,5.514748,4.963003,4.412532,3.728982,2.964985,2.302363,1.804319,1.466871,1.255839,1.151419,1.124204,1.159248,1.211476,1.280231,1.334093,1.370599,1.389908,1.390067,1.39605,1.392047,1.373061,1.337412,1.337793,1.332122,1.272417,1.278809,1.280182,1.246091,1.214167,1.191737,1.148405,1.108986,1.06963,1.011702,0.95555,0.900127,0.848298,0.780299,0.727049,0.665346,0.61555,0.57208,0.519001,0.480018,0.442821,0.417153,0.38985,0.373599,0.363711
"96",0.917898,1.537113,2.346891,3.295729,4.198864,5.047279,5.690639,6.199447,6.52648,6.284872,6.086224,5.39117,4.7642,4.148616,3.431436,2.67177,2.043931,1.603241,1.329203,1.18495,1.144487,1.171259,1.247443,1.326115,1.41266,1.468091,1.501891,1.518527,1.509524,1.506574,1.492976,1.465566,1.421899,1.411623,1.404026,1.338874,1.344634,1.344552,1.306104,1.270314,1.245792,1.198469,1.155778,1.113062,1.050691,0.990119,0.930206,0.874713,0.802852,0.746573,0.681752,0.628927,0.583163,0.527218,0.486779,0.447977,0.421842,0.393795,0.377212,0.367417
"97",0.403479,0.684264,1.170089,1.867151,2.685992,3.576739,4.404475,5.175822,5.796356,5.922889,6.013821,5.595494,5.183057,4.744184,4.161489,3.471077,2.862379,2.409518,2.108957,1.916166,1.805154,1.751167,1.750718,1.753144,1.768901,1.768796,1.750691,1.719893,1.680913,1.663933,1.635675,1.594997,1.542982,1.529678,1.51398,1.438082,1.434425,1.428478,1.383892,1.337803,1.302047,1.244384,1.191968,1.141066,1.07156,1.005449,0.941019,0.882709,0.809032,0.751241,0.686142,0.633638,0.58845,0.534232,0.494836,0.456778,0.431144,0.402745,0.386162,0.376142
